16000668,ESC EST BASE AEREA
16000676,ESC EST BOM JESUS DO ARAGUARI
16000684,ESC EST ROZENDO NASCIMENTO FILHO
16000722,ESC EST SAO RAIMUNDO DO ARAGUARI
16000820,ESC EST ANTONIO TEIXEIRA GUERRA
16000641,ESC EST VEIGA CABRAL
16000706,ESC EST PROF MARIA ESMERALDA MARTINS DE MOURA
16000749,ESC EST VIDAL DE NEGREIROS
16000650,ESC MUL SANTO ANTONIO
16000692,ESC EST CRUZEIRO
16000757,ESC EST VULCAO DO NORTE
16000790,ESC MUL VISTA ALEGRE
16000838,ESC MUL PARATU
16007549,ESC MUL FRANCISCO TORRES
16008065,ESC MUL SHIRLEY MARCIA LOBATO ABREU
16008073,PRE ESC SUCURIJU
16008472,PRE ESC PIPOCA
16010531,PRE ESC ALEGRIA DO SABER
16000773,ESC MUL FRANCISCO A DE OLIVEIRA
16000781,ESC MUL PROF MARIA ELIZIA B COSTA
16000803,ESC MUL LOURENCO BORGES FACANHA
16000811,ESC EST MARIA DO CEU GONCALVES DIAS
16008081,PRE ESC PIMPOLHO
16011112,CENTRO EDUCACIONAL SESC LER AMAPA
16000030,ESCOLA ESTADUAL IVANILDO FORTES DA SILVA
16000161,ESC EST VILA DE CUNANI
16000170,ESC EST JUVENAL GUIMARAES TEIXEIRA
16000048,ESC EST AMARO BRASILINO DE F FILHO
16000064,ESC EST PROF SILVIO ELITO DE LIMA SANTOS
16000080,ESC EST JOSE RODRIGUES CORDEIRO
16000056,ESC EST CALAFATE
16000129,ESC MUL SAO SEBASTIAO
16000137,ESC MUL MANOEL ALVES FERREIRA
16006380,ESC MUL DO LATAIA
16007344,ESC MUL DO MUTUM
16008600,ESC MUN PROF GEOVAN PINHEIRO DOS SANTOS
16009169,ESC MUL HARPA DE DAVI
16010728,ESC MUL DO CASSIPORE
16010736,ESC MUL DO IRINEU
16011066,ESC MUL ANTONIO DOS SANTOS GOMES
16000099,ESC EST LOBO DALMADA
16000153,ESC MUL COMECINHO DE VIDA
16006186,CENTRO EDUC INF SEMENTINHA
16007018,CENTRO EDUC INF MEU PEDACINHO DE CHAO
16009150,ESC MUL NELMA SUELI BARATA ALVES
16011074,CRECHE MUL NEUCICLEIA ABREU SILVA
16011082,CRECHE MUL VIVALDA AYRES CARDOSO
16001400,ESC EST PROF JOSE RIBEIRO PONTES
16001419,ESC EST ALEGRIA DO ARAGUARI
16001443,ESC EST CREIO EM DEUS DO ARAGUARI
16001478,ESC EST MARIO ALVES MEIRA
16001486,ESC EST ORLANDO MENDES DIAS
16001494,ESC EST PRACUUBA DO ARAGUARI
16001516,ESC EST SAGRADO CORACAO DE MARIA
16001532,ESC EST SAO SEBASTIAO DO PACUI
16001451,ESC EST LOURIMAR SIMOES PAES
16001435,ESC MUL BRAULINO TRINDADE
16007182,ESC MUL ALTA FLORESTA
16008421,ESC MUL MENINO DEUS
16008529,ESC MUL PIMENTINHA
16009185,PRE ESC MEU PRIMEIRO PASSO
16009304,ESC MUL PROF REGINA TELMA SOARES DOS SANTOS
16009525,ESC MUL EDUC INFANTIL VIVA VIDA
16009533,ESC MUL CAMINHO DA ALEGRIA
16009550,ESC MUL CANTINHO DO SABER
16007964,ESC MUL PROF ALICE DO N S PIMENTEL
16008049,CRECHE MUL PINGO DE GENTE
16010779,ESC MUL UNIVERSO DA CRIANCA
16001575,ESC EST PEDRO ROLDAO FIGUEIREDO
16001583,ESC EST MARIA ENEDINA MARQUES COSTA
16001591,ESC EST TRACAJATUBA DO ARAGUARI
16001605,ESC EST INDEPENDENCIA
16001567,ESC EST PROF MARIA IRACI TAVARES
16001630,ESC MUL N S DO ROSARIO
16006984,ESC MUL COARACY NUNES
16001540,CRECHE MUL SARAH SALOMAO
16006976,ESC MUL PASTOR JACY TORQUATO
16008146,CENTRO EDUC INF VITORIA DO ARAGUARI
16014006,ESC MUL JOAO FREIRE CORDEIRO
16001672,ESC EST COBRA
16001680,ESC EST ANA CLAUDINA PICANCO
16001702,ESC EST ESTEVAM DE CARVALHO COSTA
16001710,ESC EST EUGENIO MACHADO
16001761,ESC EST JERUSALEM DO PAU MULATO
16001796,ESC EST SAO TOME DO MACACOARI
16001800,ESC EST ADELANO NUNES LACERDA
16001753,ESC EST WILSON HILL DE ARAUJO
16001729,ESC MUL IGARAPE FUNDO
16001737,ESC MUL JOAO ALVES
16001745,ESC MUL IPIXUNA GRANDE
16001770,ESC MUL DOMINGOS GARCIA PINHEIRO
16001818,ESC MUL MATO GROSSO
16001826,ESC MUL RIO JORDAO
16001834,PRE ESC ALEGRIA DA CRIANCA
16007611,ESC MUL BOM SUCESSO
16007620,PRE ESC TIA MIQUILINA
16008138,ESC MUL PORAQUE
16009061,PRE ESC DURVALINA FERNANDES DE CARVALHO
16009568,PRE ESC TIA ERMINA
16013204,PRE ESC MARIA DA CONCEICAO PESSOA
16020006,PRE ESC ANTONIA PEREIRA GOMES
16020014,ESC MUL PEDRO VIEIRA DOS SANTOS
16021002,PRE ESC BENEDITO BARBOSA TRINDADE
16022009,PRE ESC VIVALDO ALVES BARBOSA
16007646,ESC MUL J ALMEIDA
16009070,PRE ESC CRIANCA FELIZ
16041003,CRE MUL ZUILA FERREIRA
16011430,ESC FAMILIA AGROECOLOGICA DO MACACOARI
16004833,ESC INDIGENA EST IMAKUANA AMAJAREHPO
16004868,ESC INDIGENA EST MATAWARE
16004876,ESC INDIGENA EST PARU DE LESTE
16004892,ESC INDIGENA EST MAXIPURIMO
16004914,ESC INDIGENA EST PURURE
16004930,ESC EST AGUA BRANCA DO CAJARI
16004965,ESC EST ITABOCA DO CAJARI
16004990,ESC EST PADARIA
16005015,ESC EST SANTO ANTONIO DA CACHOEIRA
16005074,ESC EST MARINHO DO CAJARI
16005279,ESC INDIGENA EST PARUTAIKE
16005872,ESC EST SANTA CLARA DO CAJARI
16006330,ESC INDIGENA EST KUXARE
16006348,ESC INDIGENA EST TAWAINEN
16006356,ESC INDIGENA EST ANANAPIARE
16007840,ESC INDIGENA EST ARANAPOTY
16007859,ESC INDIGENA EST MUREI
16007913,ESC INDIGENA EST WEREKEMUN
16009193,ESC INDIGENA EST MAWAU TUTKO MITI
16009215,ESC INDIGENA EST WURAMUI
16009649,ESC INDIGENA EST AMATARE
16009657,ESC INDIGENA EST FAZENDINHA
16009690,ESC INDIGENA EST KUYNPE KANPAI
16009738,ESC INDIGENA EST AATESIWAI
16009746,ESC INDIGENA EST MOKOLOK
16009754,ESC INDIGENA EST PIARAPO
16010078,ESC INDIGENA EST SANTO ANTONIO
16010086,ESC INDIGENA EST ASANTI
16010388,ESC INDIGENA EST ANDRE MARAPI
16010396,ESC INDIGENA EST WARAHPO APARAI
16004884,ESC EST PROF MARIA DE NAZARE RODRIGUES DA SILVA
16004906,ESC EST MINEKO HAYASHIDA
16004949,ESC EST GAL EMILIO GARRASTAZU MEDICI
16004957,ESC EST IRANDYR PONTES NUNES
16005007,ESCOLA ESTADUAL PROFª SONIA HENRIQUES BARRETO
16006666,ESC EST SANTO ANTONIO DO JARI
16007867,ESC EST MIRILANDIA
16007875,ESC EST PROSPERIDADE
16007905,ESC EST BOM AMIGO DO JARI
16010787,ESC EST PROF VANDA MARIA DE SOUZA CABETE
16007123,INST FED DE EDUC CIENCIA E TECNOLOGIA DO AMAPA-CAMPUS LARANJAL DO JARI
16005066,ESC MUL SANTAREM DO CAJARI
16005090,ESC MUL CONCEICAO DO MURIACA
16005112,ESC MUL DONA MARIA DO CARMO
16005120,ESCOLA CRISTO REDENTOR
16005201,ESC MUL SAO FRANCISCO DO IRATAPURU
16006429,ESC MUL DONA MARIA
16006453,ESC MUL WALDEMAR B DUARTE
16007026,EDUARDA SANTA ROSA
16010540,ESC MUL SALVADOR RODRIGUES FLEXA
16010558,ESC MUL AGUA BRANCA DO CAJARI
16004841,ESC MUL SANTA LUCIA
16005180,ESC MUL SAMAUMA
16005260,ESC MUL VINHA DE LUZ
16006682,ESC MUN SANTA MARIA MENINA
16006704,ESC MUL WEBER EIDER QUEMEL GONCALVES
16007883,ESC MUL RAIMUNDA RODRIGUES CAPIBERIBE
16007999,ESC MUL PAULO FREIRE
16008162,ESC MUL TEREZINHA LIMA QUEIROGA DE SOUSA
16008170,ESC MUL MARIA DE NAZARE SOUSA MINEIRO
16009258,ESC MUL ZELIA CONCEICAO SOUZA DA SILVA
16009266,ESC MUL PROF TEREZA TELES
16009274,ESC MUL JOAO QUEIROGA DE SOUZA
16010574,ESC MUL ATURIA
16011180,ESC MUL MARILZA NASCIMENTO PINHEIRO
16011198,CRECHE MUNICIPAL ARCO IRIS
16011392,CRECHE MUL MUNDO ENCANTADO
16008200,ESCOLA ANA NERI
16010280,ASSOC DE PAIS E AMIGOS DOS EXCEPCIONAIS
16010434,CENTRO EDUC SESC LER - LARANJAL DO JARI
16010809,CENTRO EDUCACIONAL DINAMICO
16002075,ESC EST GAL CARROMBERT PEREIRA DA COSTA
16002091,ESC EST ANTONIO BRAULIO DE SOUZA
16002113,ESC EST NAZARE DA PEDREIRA
16002164,ESC EST NESTOR BARBOSA DA SILVA
16002172,ESC EST RETIRO SANTO ANTONIO DA PEDREIRA
16002237,ESC EST PROF JOAQUIM MANOEL DE JESUS PICANCO
16002261,ESC EST ARIRI
16002288,ESC EST BACABA
16002300,ESC EST CARAPANATUBA
16002350,ESC EST DANIEL DE CARVALHO
16002474,ESC EST JOAO MACIEL AMANAJAS
16002504,ESC EST JOSE BONIFACIO
16002563,ESC EST LAGOA DOS INDIOS
16002571,ESC EST OLENDINA FERREIRA DO ROSARIO
16002628,ESC EST RAIMUNDO PEREIRA DA SILVA
16002636,ESC EST MARUANUM II
16002652,ESC EST PEDRO ALCANTARA CHAVES LOPES
16002679,ESC EST BERNADINO SILVA
16002784,ESC EST SANTO ANTONIO DO MATAPI
16002806,ESC EST SAO PEDRO DO CARANA
16002822,ESC EST SEBASTIAO CORDEIRO SENA
16002849,ESC EST TEIXEIRA DE FREITAS
16002857,ESC EST TESSALONICA
16002865,ESC EST PROF ANTONIO FIGUEIREDO DA SILVA
16003179,ESC EST MANOEL JOSE SANTOS DA SILVA
16003594,ESC EST ROSA DOS SANTOS SARGES
16003608,ESC EST IGARAPE GRANDE DA TERRA GRANDE
16003616,ESC EST MANOEL DOS REIS
16003640,ESC EST ANDRE NEVES ROSA
16003659,ESC EST BOM JARDIM
16003667,ESC EST CANAL DO GUIMARAES
16003675,ESC EST CLAUDIO DOS SANTOS BARBOSA
16003683,ESC EST CUBANA
16003691,ESC EST BENTO TOLOSA DE SANTANA
16003705,ESC EST FRANCO GRANDE
16003713,ESC EST BENEVENUTO SOARES RODRIGUES
16003721,ESC EST ROMANA FARIAS
16003730,ESC EST IGARAPE DO BURITIZAL
16003748,ESC EST IGARAPE DO MARINHEIRO
16003756,ESC EST IGARAPE GRANDE DO CURUA
16003772,ESC EST ITAMATATUBA
16003780,ESC EST MANOEL PEREIRA HERCULANO
16003799,ESC EST MARIA JOSE CAMPELO DA SILVA
16003802,ESC EST PROF NAIR CORDEIRO MARQUES
16003810,ESC EST JULIA BRUNO
16003829,ESC EST PROF GLICERIO DE S FIGUEIREDO
16003837,ESC EST ERIVALDO FERREIRA DOS SANTOS
16003853,ESC EST VILA MACEDONIA
16003918,ESC EST GOV IVANHOE GONCALVES MARTINS
16003942,ESC EST CATANZAL DO PACUI
16003950,ESC EST GARIMPO DE SAO TOME
16003969,ESC EST JULIO GONCALVES DA COSTA
16003977,ESC EST SAO BENEDITO DO PACUI
16003985,ESC EST SAO FRANCISCO DO ALTO
16003993,ESC EST SAO FRANCISCO DO PIRIRIM
16004000,ESC EST SAO JOAQUIM DO PACUI
16004019,ESC EST SAO RAIMUNDO DO PIRIRIM
16004027,ESC EST SAO SEBASTIAO DA BOA VISTA
16004035,ESC EST SAO TOME DO PACUI
16004043,ESC EST TRACAJATUBA DO PIRIRIM III
16004310,ESC EST DE TEMPO INTEGRAL PE JOAO PIAMARTA
16006216,ESC EST CACHOEIRA DO RIO PEDREIRA
16006224,ESC EST FILADELFIA DO IGARAPE GRANDE
16006232,ESC EST CIRILO PANTOJA
16006259,ESC EST MANOEL MENDES BARBOSA
16006267,ESC EST IGARAPE DO CARNEIRO
16006364,ESC EST AQUARIQUARA
16006798,ESC EST PROF HELENISE WALMIRA DIAS SANTOS
16006844,ESC EST IGARAPE DAS ARMAS
16006879,ESC EST PROF MARGARIDA ROCHA DA COSTA
16007360,ESC EST TRACAJATUBA I
16007387,ESC EST FRANQUINHO DO BAILIQUE
16007492,ESC EST MARIA ANGELICA PEREIRA GOES
16007654,ESC BOSQUE DO AMAPA MOD REG DO BAILIQUE
16008251,ESC EST DO PESCADO
16008537,ESC EST SALAMITO
16008650,ESC EST RETIRO DO PIRATIVA
16010604,ESC EST JOSE ALVES GOUVEIA
16010647,ESC EST JOAO HENRIQUE DA SILVA
16011201,ESC EST PROF JACINTA MARIA RODRIGUES DE CARVALHO
16024001,ESC EST SILVIO CAMILO
16001877,ESC EST PROF ROBERTO JOSE MORAIS DE CASTRO
16001885,CENTRO DE ESTUDOS SUPLETIVOS PROF PAULO MELO
16001923,COLEGIO AMAPAENSE
16002067,ESC EST PROF GABRIEL ALMEIDA CAFE
16002083,ESC EST MARIO DAVID ANDREAZZA
16002105,ESC EST N S DE NAZARE
16002148,ESC EST PROF M MERIAN DOS S C FERNANDES
16002156,ESC EST REINALDO MAURICIO GOLBERT DAMASCENO
16002199,ESC EST SAO LAZARO
16002245,ESC EST ANTONIO JOAO
16002253,ESC EST ARACARY CORREA ALVES
16002270,ESC EST AUGUSTO DOS ANJOS
16002296,ESC EST BARAO DO RIO BRANCO
16002318,ESC EST CASTRO ALVES
16002326,ESC EST CECILIA PINTO
16002334,ESC EST COELHO NETO
16002369,ESC EST DEUSOLINA SALLES FARIAS
16002377,ESC EST DEUZUITE M C CAVALCANTE
16002385,ESC EST DOM ARISTIDES PIROVANO
16002393,ESC EST DR ALEXANDRE VAZ TAVARES
16002407,ESC EST DR COARACY NUNES
16002415,ESC EST EDGAR LINO DA SILVA
16002431,ESC EST GAL AZEVEDO COSTA
16002440,ESC EST GONCALVES DIAS
16002458,CENTRO EDUC PROFISSIONAL GRAZIELA REIS DE SOUZA
16002466,ESC EST MODELO GUANABARA
16002482,ESC EST IRMA SANTINA RIOLI
16002490,ESC EST JESUS DE NAZARE
16002512,ESC EST JOSE DE ALENCAR
16002520,ESC EST JOSE DE ANCHIETA
16002547,ESC EST PROF JOSEFA JUCILEIDE A COLARES
16002580,ESC EST MARIA DO CARMO VIANA DOS ANJOS
16002598,ESC EST MAL CASTELO BRANCO
16002601,ESC EST MARIA DO SOCORRO A SMITH
16002610,ESC EST MARIO QUIRINO DA SILVA
16002660,ESC EST TIRADENTES
16002687,ESC EST PREDICANDA C AMORIM LOPES
16002695,ESC EST PRINCESA IZABEL
16002709,ESC EST PROF IRINEU DA GAMA PAES
16002717,ESC EST PROF LAURO DE CARVALHO CHAVES
16002725,ESC EST PROF LUCIMAR A DEL CASTILLO
16002733,ESC EST PROF MARIA CARMELITA DO CARMO
16002741,ESC EST PROF RUTH DE ALMEIDA BEZERRA
16002750,ESC EST SANTA INES
16002792,ESC EST SAO BENEDITO
16002814,ESC EST SEBASTIANA LENIR DE ALMEIDA
16002830,ESC EST SERAFINI COSTAPERARIA
16002873,ESC EST PROF ZOLITO DE JESUS NUNES
16002881,ESC EST ANTONIO CORDEIRO PONTES
16003209,ESC EST DOM JOSE MARITANO
16003373,ESC EST SANTA MARIA
16003420,ESC EST PROF ONEIDE PINTO LIMA
16003438,ESC EST PROF NELITA ROCHA BRITO DIAS
16003497,ESC EST MAE ANGELICA
16003926,ESC EST JOSE DO PATROCINIO
16006240,ESC EST PROF ANTONIO CASTRO MONTEIRO
16006461,ESC EST MARIA IVONE DE MENEZES
16006488,ESC EST MARIA BERNADETE A DO NASCIMENTO
16006763,ESC EST SANTUARIO DO PERPETUO SOCORRO
16006780,ESC EST PROF MARIA DE NAZARE PEREIRA VASCONCELOS
16006852,ESC EST MARIA NEUSA CARMO DE SOUSA
16007271,ESC EST RIVANDA NAZARE DA S GUIMARAES
16007395,ESC EST DE EDUC POP PROF PAULO FREIRE
16007441,ESC EST PROF ESTHER DA SILVA VIRGOLINO
16007450,ESC EST PROF ARACY MIRANDA DE MONTALVERNE
16007468,ESC EST PROF ELCY RODRIGUES LACERDA
16007476,CENTRO EDUC RAIMUNDO N DIAS RODRIGUES
16007530,ESC EST BRASIL NOVO
16008316,ESC EST MARIA MAE DE DEUS
16008413,ESC EST SAO FRANCISCO DAS CHAGAS
16008456,ESC EST PROF RAIMUNDA VIRGOLINO
16008626,ESC EST RAIMUNDA DOS PASSOS SANTOS
16008634,ESC EST RAIMUNDA DULCINEA M DA SILVA
16008820,ESC EST PROF BENIGNA MOREIRA SOUSA
16008952,CENTRO DE ENS PROFIS DO AMAPA PROFª JOSINETE OLIVEIRA BARROSO
16009606,ESC EST PROF ANTONIO MESSIAS G DA SILVA
16010000,ESC EST PROF NANCI NINA COSTA
16010361,ESC EST PROF NILTON BALIEIRO MACHADO
16010370,ESC EST PROF ANTONIO FERREIRA LIMA NETO
16010418,ESC EST PROF MARIA CAVALCANTE DE AZEVEDO PICANCO
16010620,ESC EST SAO JOSE
16010841,ESC EST PE ANGELO BIRAGHI
16011341,ESCOLA ESTADUAL PROFESSORA RISALVA FREITAS DO AMARAL
16018001,CENTRO EDUC PROFISSIONAL DE MUSICA WALKIRIA LIMA
16019008,CENTRO DE EDUC PROFISSIONAL DE ARTES VISUAIS CANDIDO PORTINARI
16025008,ESC EST DE TEMPO INTEGRAL PROF DARCY RIBEIRO
16031008,CENTRO DE APOIO PEDAG AO DEF VISUAL
16039009,CENTRO DE ATIV DE ALTAS HABILIDADES E SUPERDOTACAO
16007310,INST FED DE EDUC CIENCIA E TECNOLOGIA DO AMAPA-CAMPUS MACAPA
16002920,ESC MUL JOAO ROLINDO DO CARMO
16002997,ESC MUL CAMPINA DE SAO BENEDITO
16003004,ESC MUL CAMPINA GRANDE
16003055,ESC MUL LIBERDADE DO PACUI
16003250,ESC MUL PRATINHA
16003500,ESC MUL TESSALONICA
16003861,ESC MUL JARANDUBA DO BAILIQUE
16003896,ESC MUL CANAL DOS GUIMARAES
16003900,ESC MUL VILA PROGRESSO
16003934,ESC MUL CAETANO DIAS TOMAZ
16004078,ESC MUL DOIS IRMAOS
16004086,ESC MUL ERIDIO ROCHA DA CONCEICAO
16004582,ESC MUL GOIAS
16006208,ESC MUL SAO JOAQUIM DO RIO PEDREIRA
16006275,ESC MUL CURRALINHO
16006283,ESC MUL FORTALEZA
16007069,ESC MUL VO LIXANDRE
16007301,ESC MUL ROSA DE SARON
16007379,ESC MUL CACILDA F VASCONCELOS
16007573,ESC MUL SAO RAIMUNDO DO PARAISO
16008553,ESC MUL PROF GERSON TRINDADE PEREIRA
16009622,ESC MUL ILHA DA CROA DA PEDREIRA
16010205,ESC MUL MARIA EUGENIA MACIEL SENA
16012402,ESC MUL MARANATA
16016203,ESC MUL EDUC INF FREGUESIA DO BAILIQUE
16016211,ESC MUL EDUC INF LUZIA COSTA DA SILVA
16029003,ESC MUL JANICE MELO PALMERIM
16032004,ESC MUL BENEDITA NEVES TAVARES
16033000,ESC MUL SANTA LUZIA DO PACUI
16001907,ESC MUL PROF GUITA
16002911,ESC MUL PROF EUNICE DAS CHAGAS FERNANDES SOUSA
16002938,ESC MUL HILDEMAR MAIA
16002954,ESC MUL RONDONIA
16002962,ESC MUL AMAPA
16002970,ESC MUL ARACY NASCIMENTO
16003012,ESC MUL ESFORCO POPULAR
16003020,ESC MUL EUNICE PICANCO
16003039,ESC MUL JARDIM FELICIDADE
16003047,ESC MUL JOSE DUARTE DE AZEVEDO
16003063,ESC MUL MAESTRO MIGUEL A DA SILVA
16003071,ESC MUL PARAISO DAS ACACIAS
16003080,ESC MUL RORAIMA
16003314,JD INF MEU PE DE LARANJA LIMA
16003322,JD INF MUNDO DA CRIANCA
16003330,CRECHE JD INF CANTINHO DO AMOR
16003349,JD INF O PEQUENO PRINCIPE
16003357,ESC EST PROF ANA LUIZA DE SOUZA MORAES
16003390,JD INF SEMENTINHA
16003403,ESC EST PROF NILDA DA ROCHA PORTAL
16003446,ESC EST PEQUENO CIDADAO
16003462,JD INF TIA MADALENA
16003519,ESC MUL A E I O U
16003535,ESC MUL MORANGUINHO
16003543,ESC MUL PAI NOSSO
16003560,ESC MUL MARIA JOSE DE SOUZA E SILVA
16006194,ESC MUL EXPEDICIONARIO WILSON MALCHER
16007239,PRE ESC EFICAZ
16007409,ESC MUL RECANTO DA AMIZADE
16007581,PROFESSORA MARIA IZABEL FERNANDES RIBEIRO
16008243,ESC MUL ANTONIO BARBOSA
16008260,ESC MUL PROF RAIMUNDO OLIVEIRA ALENCAR
16008278,ESC MUN MARINETE DA SILVA MIRA
16008286,ESC MUL JOSAFA AIRES DA COSTA
16008294,ESC MUL PROFª ODETE ALMEIDA LOPES
16008502,ESC MUN PROF VERA LUCIA PINON NERY
16008510,ESC MUL MARIA BERNADETE A DO NASCIMENTO
16008545,ESC MUL PROFª RAIMUNDA DA SILVA VIRGOLINO
16008561,ESC MUL PROFª ELIANA FLEXA VILHENA
16009037,ESC MUL PROF NEUSONA
16009053,ESC MUL PROF ELITA NUNES MELO
16009878,ESC MUL ANA CRISTINA R BRITO
16009886,ESC MUL PROF RAIMUNDA DE LIMA GUEDES
16010159,ESC MUL PROF JOSE CARLOS LIMA DA SILVA
16010167,ESC MUL MARIA JOSE DOS SANTOS FERREIRA
16010175,ESC MUL PROF JOSE LEOVES TEIXEIRA
16010183,ESC MUL PROF ANA MARIA DA SILVA RAMOS
16010191,ESC MUL PROF LUCIA NEVES DENIUR
16010523,ESC MUL PROF ELOANA CRISTINA LINA DA SILVA
16010744,ESC MUL PROFª SANDRA LOBATO FERREIRA
16042000,ESC MUL MARIA LUIZA BELLO DA SILVA
16004051,ESC FAMILIA AGRICOLA DO PACUI
16001850,CENTRO DE EDUCACAO TECNICA FRANCISCO LEITE
16002008,ESC SAO FRANCISCO DE ASSIS
16002016,COLEGIO SANTA BARTOLOMEA CAPITANIO
16002024,MODERNO CENT DE ENSINO EDUC E CULTURA
16002032,ESCOLA VISCONDE DE MAUA
16002903,ESC LOBINHO ANTONIO SERGIO M DE ALMEIDA
16003128,ESC AQUARELA ENSINO E CULTURA
16003160,ESC DE ENFERMAGEM SAO CAMILO
16003578,ESCOLA SESC ANTONIO OLIVEIRA SANTOS
16003586,SERVICO NACIONAL DE APRENDIZAGEM COMERCIAL - SENAC DRAP
16007484,ESC ADVENTISTA DE MACAPA
16007735,NUCLEO DE EDUCACAO INTEGRADA - NEI
16007743,INTERGENIUS - ESC TEC BILINGUE
16007794,ESCOLA META
16008022,CENTRO DE ENSINO LIDER
16008391,UCRI UNIVERSIDADE DA CRIANCA
16008871,JD INF SONHO INFANTIL
16008880,NUCLEO EDUC PEQUENO GALILEU
16009347,CENTRO EDUC PRESBITERIANO DO AMAPA
16009363,CENTRO DE EDUC INF N S DE NAZARE
16009380,CENTRO DE ENSINO PODIUM
16009398,CENTRO EDUCACIONAL CRIANCA FELIZ - CECRIF
16009762,CEDAP - CENTRO DE EDUCACAO DO AMAPA
16010671,COLEGIO ARGOS
16010817,CENTRO EDUC RAINHA DA PAZ
16011007,CENTRO DE EDUCACAO APOENA
16011023,COLEGIO ALBERT EINSTEIN
16011120,CENTRO EDUCACIONAL CIRANDA DO ABC
16011210,ESCOLA BATISTA DE MACAPA
16011244,CENTRO DE ENSINO ESTACAO DA CRIANCA
16011287,CENTRO DE ENSINO LIRA
16011295,ESCOLA CRECHE SEMENTE DO SABER
16011325,COLEGIO IMPACTUS
16011368,CENTRO DE ENSINO TARUMA
16011376,CENTRO EDUCACIONAL TEMPO DE BRINCAR
16011449,COLEGIO EQUIPE UNIDADE II
16011457,CENTRO EDUCACIONAL MUNDO INFANTIL
16011465,FACULDADE DE MACAPA
16011473,NUCLEO EDUC PASSO A PASSO
16011481,ESCOLA MUNDIAL
16026004,CENTRO EDUC IRMA CARMELA BONASSI
16027000,COLEGIO EQUIPE MACAPA
16043006,CENTRO DE EDUC INF MARIA IMACULADA
16005376,ESC EST GRAZIELA REIS DE SOUZA
16005384,ESC EST JOSE HILARIO
16005406,ESC EST PANCADA DO CAMAIPI
16005414,ESC EST PROF ANTONIA SILVA SANTOS
16005422,ESC EST RIO NAVIO
16005430,ESCOLA ESTADUAL PRESIDENTE TANCREDO DE ALMEIDA NEVES
16005783,ESC EST FAGUNDES VARELA
16005821,ESC EST LARANJAL DO MARACA
16005848,ESC EST PIONEIRO
16005856,ESC EST EVILASIO PEDRO DE L FERREIRA
16005880,ESC EST AMILAR ARTHUR BRENHA
16005899,ESC EST ANTONICO DO RIO PRETO
16005902,ESC EST CENTRAL DO MARACA
16005945,ESC EST OSMUNDO VALENTE BARRETO
16005970,ESC EST DAMASO DE JESUS DO NASCIMENTO NETO
16006070,ESC EST LEANDRO PLACIDO FERREIRA
16006313,ESC EST PIQUIAZAL
16010990,ESC EST PROF MARIA DA SILVA MENDES
16005333,ESC EST DR MURILO BRAGA
16005341,ESC EST D PEDRO I
16005392,ESC EST MANOEL QUEIROZ BENJAMIM
16005368,ESC MUL FOZ DO RIO TAMBAQUI
16005449,ESC MUL CURUMURI
16005457,ESC MUL RIO ARIRAMBA
16005473,ESC MUL BARRO ALTO
16005511,ESC MUL CONCEICAO DO MARACA
16005520,ESC MUL RIO CURUCA
16005562,ESC MUL FOZ DO RIO ARIRAMBA
16005570,ESC MUL IGARAPE DO LAGO DO MARACA
16005589,ESC MUL JANARY GENTIL NUNES I
16005619,ESC MUL POCAO DO RIO PRETO
16005627,ESC MUL RAIMUNDO ANTONIO VIEIRA
16005660,ESC MUL SAO PEDRO DO CAMAIPI
16005678,ESC MUL SANTA LUZIA DO MARACA
16005686,ESC MUL SANTA MARIA DO FURO DO MARACA
16005694,ESC MUL SANTA MARIA DO MARACA MIRIM
16005708,ESC MUL SANTO ANDRE DO LAGO DO AJURUXI
16005716,ESC MUL SANTO ANTONIO DO AJURUXI
16005740,ESC MUL VILHENA ALVES
16005805,ESC MUL BAIXO MUTUACA
16005830,ESC MUL MARUIM DO MARACA
16005864,ESC MUL FRANCISCO MANOEL DA SILVA
16006003,ESC MUL TERRA ALTA DO RIO PRETO
16006011,ESC MUL FOZ DO IGARAPE DO BREU
16006062,ESC MUL JARBAS AMORIM CAVALCANTE
16006089,ESC MUL PACU DO MARACA
16006097,ESC MUL RAIMUNDO JACARANDA
16006100,ESC MUL ROQUE DE SOUZA PENAFORT
16006127,ESC MUL SAO JOSE DO AJURUXI
16006135,ESC MUL SAO JOSE DO MARACA
16006143,ESC MUL RIO URUBUENO
16007557,ESC MUL SOROROCA
16007590,PRE ESC EVILASIO PEDRO DE LIMA FERREIRA
16007948,CENTRO DE ATENDIMENTO INFANTIL VO OLGA
16008359,ESC MUL SAO TOME
16008839,ESC MUL SERTAO DO AJURUXI
16008855,ESC MUL ACAITUBA
16009231,ESC MUL SAO JOAO DO AJURUXI
16009240,ESC MUL RIO BISPO
16009355,CENTRO DE ATENDIMENTO INFANTIL TIA CHICA
16009452,ESC MUL JANARY GENTIL NUNES II
16009843,ESC MUL RIO MULATO
16010221,ESC MUL SAO FRANCISCO DO RIO PRETO
16010230,ESC MUL TAPIOCA
16010515,ESC MUL N S DO PERPETUO SOCORRO
16010710,ESC MUL SAO PEDRO DO RIO PRETO
16010973,ESC MUL BARREIRO
16010981,ESC MUL PONTE DO RIO PRETO
16011031,ESC MUL EVA MACHADO DE SOUSA
16011384,ESC MUL IZIDORIA DA SILVA REIS
16005538,ESC MUL DOMINGOS VALENTE BARRETO
16005767,JARDIM DE INFANCIA BRANCA DE NEVE
16005775,PRE ESC TIA RAIMUNDA PUREZA
16007956,CRECHE VO JOANA AYRES
16009223,PRE ESC TIA IRACEMA DA PENHA VIANA
16010833,ESC MUL PROF OTAVIO CALDEIRA AFONSO
16008340,ESC FAMILIA AGROEXTRATIVISTA DO CARVAO
16010108,ESC FAMILIA AGROEXTRATIVISTA DO MARACA
16008448,CENTRO EDUC SESC LER MAZAGAO
16000188,ESC INDIGENA EST JOSE NARCISO
16000196,ESC INDIGENA EST MARIA CATARINA NUNES
16000200,ESC INDIGENA EST MOISES IAPARRA
16000242,ESC INDIGENA EST SAO SEBASTIAO DO ACAIZAL
16000250,ESC INDIGENA EST FELINTO MORAES
16000269,ESC INDIGENA EST JOAO TEODORO FORTE
16000277,ESC INDIGENA EST GABRIEL DOS ANJOS
16000285,ESC INDIGENA EST SAO JOSE
16000293,ESC INDIGENA EST JOAO BATISTA MACIAL
16000323,ESC INDIGENA EST JORGE IAPARRA
16000331,ESC INDIGENA EST CAMILO NARCISO
16000340,ESC INDIGENA EST LEIDE DOS SANTOS
16000366,ESC INDIGENA EST SAO RAIMUNDO
16000382,ESC INDIGENA EST YANAWA
16000587,ESC EST DUQUE DE CAXIAS
16000617,ESC EST VILA VELHA
16000625,ESC INDIGENA EST MANOEL PRIMO DOS SANTOS
16006500,ESC INDIGENA EST KAMUYWA
16006518,ESC INDIGENA EST OLIVEIRA SANTOS
16006526,ESC INDIGENA EST JOAO AMANCIO
16006534,ESC INDIGENA EST JOSE FELIPE
16009665,ESC INDIGENA EST YWAWKA
16009711,ESC INDIGENA EST KWYKWYT
16009720,ESC INDIGENA EST AMOMMI
16000307,ESC EST JOAQUIM CAETANO DA SILVA
16000315,ESC EST JOAQUIM NABUCO
16000226,ESC EST TAPARABU
16000234,ESC INDIGENA MUL TAWARY
16000609,ESC MUL PRAINHA DO CASSIPORE
16006658,ESC MUL RIO PRIMEIRO DO CASSIPORE
16008430,ESCOLA INDIGENA MUNICIPAL FELIPE GABRIEL
16009100,ESC INDIGENA MUL MANOEL DOS SANTOS
16009118,ESC MUL LINA DE ALMEIDA SANTOS
16009126,ESC MUL BOM PASTOR
16011040,ESC INDIGENA MUL AHUMA
16011058,ESC INDIGENA MUL MARIA FLOR DOS SANTOS
16011139,ESC INDIGENA MUL KUMARUMA
16011147,ESC INDIGENA MUL TAMINA
16011155,ESC INDIGENA MUL SOLANGE DOS SANTOS HIPOLITO
16011163,ESC INDIGENA MUL ARIRAMBA
16011171,ESC INDIGENA MUL NEIDE FORTE
16016602,ESC MUL PROF ALCIANE BARBOSA
16000480,ESC MUL PROF MARCIA DO SOCORRO LIMA DE FRANCA
16007930,ESC MUL PROF MARIA LEOPOLDINA A RODRIGUES
16010752,EDUCANDARIO DO ABC
16010760,ESC MUL CAMILO MONTEIRO DOS REIS
16013000,ESC MUL ONEDIA PAIS BENTES
16014600,CHECHE MUNICIPAL O RECRUTINHA
16034007,ESC MUL PROF RUI MARQUES LOBO
16011015,CENTRO EDUCACIONAL DE OIAPOQUE
16011350,CENTRO EDUCACAIONAL CRIANCA MIUDA
16001249,ESC EST CENTRO NOVO
16001257,ESC EST SAO JOSE DO CACHORRINHO
16001265,ESC EST SETE ILHAS
16001273,ESC EST JOSE FERNANDES DA SILVA
16001281,ESC INDIGENA EST ARAMIRA
16001290,ESC EST JOAO PEREIRA CARDOSO
16001303,ESC INDIGENA EST MARYRY
16001346,ESCOLA INDIGENA ESTADUAL TAITETUWA
16001354,ESC EST TUCANO I
16001370,ESC INDIGENA EST YTUWASU
16008103,ESC INDIGENA EST MANILHA
16009681,ESC INDIGENA EST OKORA YRY
16010329,ESC INDIGENA EST CINCO MINUTOS
16010337,ESC INDIGENA EST CTA
16001320,ESC EST PROF MARIA HELENA CORDEIRO
16001230,ESC MUL SAO SEBASTIAO DO CACHACO
16001338,ESC MUL RIOZINHO
16001389,ESC MUL TUCANO II
16007204,ESC MUL NOVA DIVISAO
16009614,ESC MUL MANOEL RAIMUNDO DE SOUZA
16009916,ESC MUL MARIA DO CARMO
16009088,ESC MUL SAO PEDRO
16011317,ESC MUL PROF NAIDE DA SILVA MACIEL
16016408,ESC MUL PROF ERIKA DANIELLA DE CASTRO SILVA
16030001,ESC MUL JOSEFA NERY DA COSTA
16040007,ESC MUL RUTE DA SILVA NEVES
16006437,ESC FAMILIA AGRICOLA DA PERIMETRAL NORTE
16004124,ESC EST BOA ESPERANCA KM 114
16004132,ESC EST CAMPO VERDE
16004140,ESC EST FLORENCA TORRES DE ARAUJO
16004175,ESC EST KM 127
16004183,ESC EST KM 132
16004191,ESC EST FRANCISCO MANOEL DOS SANTOS
16004213,ESC EST MATAPI I
16004221,ESC EST MATAPI II
16004248,ESC EST SAO FRANCISCO DE ASSIS
16006747,ESC EST COLONIA AGRICOLA LINHA H DO MATAPI
16007760,ESC EST SANTA MARIA
16008154,ESC EST AYRTON SENNA DA SILVA
16004230,ESC EST PROF M CRISTINA B RODRIGUES
16006933,ESC EST JOSE RIBAMAR TEIXEIRA
16010825,ESC EST ELIAS DE FREITAS TRAJANO DE SOUZA
16004205,ESC MUL MARANHAO
16004256,ESC MUL DA LINHA C
16006925,ESC MUL GERINO DA SILVA PORTO
16006941,ESC MUL ALZIRA P QUEIROZ
16007115,ESC MUL KM 138
16007972,ESC MUL SAO MIGUEL
16008324,ESC MUL NOVO MILENIO
16008642,ESC MUL CUPIXI
16009495,ESC MUL JOANA MARIA SILVA DOS SANTOS
16009509,ESC MUL NOVA COLINA
16009959,ESC MUL RIO ARAGUARI
16010590,ESC MUL SAO JOSE
16004116,ESC MUL ACRE
16010850,ESC MUL ADAO FERREIRA DE SOUZA
16011090,CRECHE GUSTAVO MORAES DA SILVA
16011104,CENTRO DE EDUC INF PROF WILSON FERREIRA
16011252,ESC MUL AMELIA BITENCOURT BESSA DE OLIVEIRA
16000846,ESC EST JOAO EVANGELISTA LOPES
16000854,ESC EST PEDRO MACIEL FILHO
16000870,ESC EST PEDRO TEIXEIRA
16000889,ESC EST JOSE PLACIDO DE CASTRO
16000897,ESC EST SAO MIGUEL DO FLEXAL
16000862,ESC EST ERNESTO PEREIRA COLARES
16008499,ESC MUL MANOEL HURBANO DA SILVA BRITO
16009894,ESC MUL PROF JANDIRA FARIAS DA COSTA
16010124,ESC MUL PROF EVANDRO MARTINS RIBEIRO
16010132,ESCOLA MUNICIPAL DO PERNAMBUCO
16010140,ESCOLA MUNICIPAL CHAPEUZINHO VERMELHO
16013603,ESC MUL MARIA ENILZA COSTA ALVES
16007832,ESC MUL AUGUSTO ROCHA
16004361,ESC EST PROF DAVID MIRANDA DOS SANTOS
16004388,ESC EST ALBERTO SANTOS DUMONT
16004396,ESC EST FRANCISCO DE OLIVEIRA FILHO
16004426,ESC EST BELMIRO MACEDO MEDINA
16004442,ESC EST FOZ DO RIO MATAPI
16004450,ESC EST FOZ DO RIO PIRATIVA
16004469,ESC EST OSVALDINA FERREIRA DA SILVA
16004540,ESC EST RAIMUNDA BARRETO
16004787,ESC EST CONCEICAO DO MARUANUM I
16006577,ESC EST SAO SEBASTIAO DO LAGO PIRATIVA
16006909,ESC EST SAO JOAO DO MATAPI
16007220,ESC EST ANA DIAS DA COSTA
16009789,ESC EST N S DE NAZARE
16010493,ESC EST LEVINDO ALVES DOS SANTOS
16004353,ESC EST EVERALDO DA S VASCONCELOS JR
16004370,ESC EST PROF JOSE BARROSO TOSTES
16004400,ESC EST ALMIRANTE BARROSO
16004418,ESC EST AUGUSTO ANTUNES
16004485,ESC EST PE SIMAO CORRIDORI
16004493,ESC EST PROF AFONSO ARINOS DE MELO FRANCO
16004507,ESC EST PROF ELIZABETH PICANCO ESTEVES
16004515,ESC EST PROF FRANCISCO W LOBATO LIMA
16004523,ESC EST PROF JOANIRA DEL CASTILLO
16004531,ESC EST PROF JOSE RIBAMAR PESTANA
16004744,ESC EST ANTONIO JANUARIO PEREIRA
16004752,ESC EST MARIA CATARINA DANTAS TIBURCIO
16004760,JD INF VITORIA REGIA
16006178,ESC EST PROF WALDECY CORREA FERREIRA
16006291,ESC EST PROF IZANETE VICTOR DOS SANTOS
16006372,ESC EST SAO BENTO
16006771,ESC EST NOVO HORIZONTE
16006860,ESC EST SAO PAULO
16006917,ESC EST PROF DENISE DE MELO VASCONCELOS
16007352,ESC EST FONTE NOVA
16008790,ESC EST SAO JOAO
16009290,ESC EST IGARAPE DA FORTALEZA
16009940,ESC EST PROF RODOVAL BORGES SILVA
16010965,CENTRO INTEG DE FORM PROFIS EM PESCA E AQUICULTURA DO AMAPA
16037006,CENTRO DE EDUC PROF DE SANTANA PROF MARIA SALOME GOMES SARES
16004574,ESC MUL CAFEZAL
16004612,ESC MUL PIRATIVA
16004620,ESC MUL FOZ RIO VILA NOVA
16004647,ESC MUL SAO JOSE
16004795,ESC MUL PIASSACA
16006399,ESC MUL MATAPI MIRIM
16008120,ESC MUL MATAO DO PIASSACA
16010655,ESC MUL RAIMUNDO MONTEIRO BAIA
16010914,ESC MUL LEONICE DIAS BORGES
16039017,ESC MUL IGARAPE DO LAGO
16004566,ESC MUL AMAZONAS
16004590,ESC MUL PE ANGELO BIRAGHI
16004604,ESC MUL PIAUI
16006160,ESC MUL PE FULVIO GIULLIANO
16008111,ESC MUL PROF GENTILA ANSELMO NOBRE
16008570,CRECHE MUL ADRIELLE FERREIRA DA SILVA
16008995,ESC MUL PROF MARIA ILNAH DE SOUZA ALMEIDA
16010302,ESC MUL IRANILDE DE ARAUJO FERREIRA
16010876,ESC MUL N S DOS NAVEGANTES
16010884,ESC MUL OSMARINA DE ARAUJO LIMA
16010892,ESC MUL JOSYCLEIA GUIMBAL BORGES
16010906,ESC MUL FERNANDO RODRIGUES DO CARMO
16010922,ESC MUL CLAUDIONOR ROCHA FREITAS
16010930,ESC MUL N S DA CONCEICAO
16011228,CRECHE MUL PROF DR MAURO CEZAR DA SILVA CORREIA
16011236,CRECHE MUL PROF LIANA RODRIGUES SARDINHA
16011260,CRECHE IRAIDINA PINHEIRO SANCHES
16011279,CRECHE ESCOLA IGARAPE DA FORTALEZA
16016807,ESC MUL BENEDITO CARDOSO DOS SANTOS
16028007,ESC MUL PARAISO DA CIDADANIA
16038002,ESC MUN SARA PIRES DA SILVA
16004329,ESC EDUC BAS E PROFISSIONAL GOV JANARY G NUNES
16004698,ESC JARDIM DE DEUS
16004779,ESC CRIANCAS ALEGRES
16008464,GRUPO PERSPECTIVAS CONSTRUTIVAS
16008804,ESCOLA CRISTA SHALOM
16008863,CENTRO EDUC MUNDO INFANTIL
16009797,NUCLEO EDUC SANTA CECILIA
16009827,CENTRO EDUCACIONAL MENINO JESUS
16009835,NUCLEO EDUC URSINHOS CARINHOSOS
16009860,NUCLEO EDUC AMOR DE MAE
16010043,CENTRO EDUCACIONAL CACILDO PELAES-CECAP
16010485,APAE - SANTANA
16011422,NUCLEO EDUCACIONAL SENHOR WILSON
16014405,CENTRO EDUC BALAO MAGICO
16001206,ESC EST COLONIA DE AGUA BRANCA
16001222,ESC EST SETE DE SETEMBRO
16001192,ESC EST DR HERMELINO HERBSTER GUSMAO
16001214,ESC MUL PEDRA PRETA
16006755,ESC MUL COLONIA DO CACHACO
16006895,ESC MUL NOSSA SENHORA DO PERPETUO SOCORRO
16007689,ESC MUL DIREITOS HUMANOS
16007697,ESC MUL BEIJA FLOR
16000927,ESC EST BASILIO PEREIRA DE SOUZA FILHO
16000935,ESC EST MARIA DE NAZARE DE P LIMA
16000960,ESC EST JOAO BRAZAO DA SILVA
16000978,ESC EST GUANABARA DO ARAGUARI
16000986,ESC EST WASHINGTON LUIS A FIGUEIREDO
16000994,ESC EST MARIA LUCILA BRAZAO
16001001,ESC EST NAZARE DO APOREMA
16001052,ESC EST SANTA FE DO FLORESTAL
16001060,ESC EST LUCIANA RABELO LEITE
16001087,ESC EST SAO SEBASTIAO DA TERRA FIRME
16001095,ESC EST SAO TOME DO APOREMA
16001109,ESC EST PROF JOAO CAMARAO
16001125,ESC EST UAPEZAL
16001133,ESC EST JUVENAL FARIAS DA COSTA
16001150,ESC EST NAZARE TAVORA GURJAO
16001176,ESC EST RAIMUNDO DOS SANTOS MACIEL
16006674,ESC EST VAREIRO
16007140,ESC EST DARCY RIBEIRO
16007700,ESC EST SAO JOSE DO MUTUM
16007778,ESC EST NOVA VIDA
16009487,ESC EST CHICO MENDES
16009703,ESC EST ENTRE RIOS
16001184,ESC EST PROF MARIA JOSE DE NAZARE F LIMA
16006631,ESC EST REISALINA FERREIRA TOMAZ
16010949,ESC EST ALZIRA DE LIMA SANTOS
16006445,ESC MUL IGARAPE DO PEIXE APOREMA
16007255,ESC MUL ANDIROBA DO LAGO NOVO
16008685,ESC MUL CHAPEUZINHO VERMELHO
16008707,PRE ESC BOM JESUS
16010680,ESC MUL TELMA SANTANA GAMELEIRA
16010698,ESC MUL CRIANCA FELIZ
16010701,ESC MUL TIO ZECA
16015207,ESC MUL TARTARUGAL GRANDE
16015215,ESC MUL CRISTO REI
16015223,ESC MUL NOVA VIDA
16015231,ESC MUL JANARY I
16015401,ESC MUL FAZENDA MODELO
16015614,ESC MUL ITAUBAL
16023005,PRE ESC TIO PATINHAS
16007565,ESC MUL ANALICE MACIEL DE JESUS
16009207,ESC MUL PROF JUCICLEIDE DOS S FERREIRA
16011333,ESCOLA MUNICIPAL RAQUEL DA PAZ OLIVEIRA
16011414,ESCOLA MUNICIPAL DE EDUCACAO INFANTIL JARDIM ENCANTADO
16015622,ESC MUL RAIMUNDA LOBATO DOS SANTOS
16010450,ESC FAMILIA AGROEXTRATIVISTA DO CEDRO
16004973,ESC EST JARILANDIA
16004981,ESC EST MUNGUBA DO JARI
16005023,ESC EST TEOTONIO BRANDAO VILELA
16005058,ESC MUL SANTA RITA DO CAJARI
16005139,ESC MUL MATAUAU
16005155,ESC MUL MARAJO
16005163,ESC MUL N S SANTANA
16005198,ESC MUL SAO SEBASTIAO DO CAJARI
16005210,ESC MUL JOAO DIAS DE SOUZA
16005236,ESC MUL SAO TOME DO CAJARI
16006569,ESC MUL SAO FRANCISCO DO MARAPI
16006607,ESC MUL SANTA ANA DO CAJARI
16006615,ESC MUL SANTA HELENA
16006640,ESC MUL FRANCISCO BEZERRA DA SILVA
16006712,ESC MUL ARUANS
16007077,ESC MUL N S DE APARECIDA
16007085,ESC MUL TAPEREIRA
16007093,ESC MUL COMERCIO DO CAJARI
16007131,ESC MUL PAGA DIVIDA
16008235,ESC MUL ATERRO DO MURIACA
16009282,PRE ESC FONTE DO SABER
16010299,ESC MUL AGUA AZUL
16036018,ESC MUL JOAO PIMENTEL
16006585,ESC MUL ALVARO MARQUES GONCALVES
16006690,ESC MUL BENEDITO LIMA PENELVA
16008774,CENTRO EDUCACIONAL INFANTIL CANTINHO DO SABER
16009312,CENTRO EDUC INF CANTINHO DA CRIANCA
16009428,CENTRO EDUC INF ARCO IRIS
16009436,CENTRO EDUC INF JOSIMAR COUTINHO
16009444,ESC MUL FRANCISCA DE FREITAS ARAUJO
16010795,ESC MUL FELINTO BATISTA
16011406,CRECHE MUL OTILIA DOS SANTOS SOUSA
16036000,CENTRO EDUC INFANTIL MAGIA DO ABC